{"val_accuracy":0.11253964172452216,"_timestamp":1.772280730930124e+09,"_wandb":{"runtime":183},"_runtime":183,"_step":0}