{"_wandb":{"runtime":392},"val_loss":0.02127474760040921,"_step":30,"overfitting_gap":0.00028969302473463854,"train_loss":0.021564440625143847,"val_accuracy":0.8645,"_timestamp":1.7727773380663881e+09,"_runtime":392,"final_val_accuracy":0.8645,"convergence_epoch":29,"epoch":29,"best_val_loss":0.02127474760040921,"final_val_loss":0.02127474760040921,"gradient_norm":0,"final_train_loss":0.021564440625143847}