{"_wandb":{"runtime":172},"_runtime":172,"_timestamp":1.7721943960355945e+09,"_step":0,"val_accuracy":0.9754864146738664}