{"_wandb":{"runtime":55},"_runtime":55,"val_accuracy":0.11253964172452216,"_timestamp":1.7722906471258535e+09,"_step":0}