{"_wandb":{"runtime":61},"_runtime":61,"_step":0,"val_accuracy":0.10422559355446988,"_timestamp":1.7721938161144812e+09}