{"_wandb":{"runtime":110},"_runtime":110,"val_accuracy":0.11253964172452216,"_timestamp":1.772287587629628e+09,"_step":0}