{"val_loss":0.16440422607587002,"train_loss":0.03370483692784223,"_step":30,"convergence_epoch":14,"final_val_loss":0.16440422607587002,"final_val_accuracy":0.9676009256878375,"gradient_norm":0,"best_val_loss":0.13612866645872587,"_wandb":{"runtime":196},"final_train_loss":0.03370483692784223,"_runtime":196,"overfitting_gap":-0.13069938914802778,"val_accuracy":0.9676009256878375,"epoch":29,"_timestamp":1.772531523257411e+09}