{"_wandb":{"runtime":60},"_runtime":60,"_step":19,"epoch":19,"grad_norm_layer1":1.971279180407431e-08,"_timestamp":1.7726364050147169e+09}