{"_wandb":{"runtime":33},"_runtime":33,"_timestamp":1.7721904726794071e+09,"_step":0,"val_accuracy":0.11253964172452216}