{"_wandb":{"runtime":270},"_runtime":270,"val_accuracy":0.10422559355446988,"_timestamp":1.7722909265341663e+09,"_step":0}