{"gradient_norm":0,"_runtime":94,"val_accuracy":0.11253964172452216,"final_train_loss":2.3012285521882823,"final_val_loss":2.3011335001267663,"best_val_loss":2.3011305522707524,"overfitting_gap":9.505206151594336e-05,"epoch":29,"val_loss":2.3011335001267663,"_wandb":{"runtime":94},"_timestamp":1.772550310275322e+09,"train_loss":2.3012285521882823,"final_val_accuracy":0.11253964172452216,"_step":30,"convergence_epoch":12}