{"overfitting_gap":6.609962353110177e-05,"convergence_epoch":25,"_wandb":{"runtime":240},"gradient_norm":0,"_step":30,"val_loss":2.3011309959076,"final_val_loss":2.3011309959076,"best_val_loss":2.3011304649845292,"epoch":29,"train_loss":2.301197095531131,"_runtime":240,"val_accuracy":0.11253964172452216,"_timestamp":1.7725533564154818e+09,"final_val_accuracy":0.11253964172452216,"final_train_loss":2.301197095531131}