{"epoch":29,"final_val_loss":0.421563740529473,"gradient_norm":0,"_wandb":{"runtime":122},"_runtime":122,"train_loss":0.44269363599928696,"overfitting_gap":0.021129895469813975,"best_val_loss":0.421563740529473,"val_accuracy":0.877003514185309,"convergence_epoch":29,"val_loss":0.421563740529473,"final_val_accuracy":0.877003514185309,"_timestamp":1.7727083641260295e+09,"final_train_loss":0.44269363599928696,"_step":30}