{"_wandb":{"runtime":54},"_runtime":54,"_step":0,"val_accuracy":0.9561155395560127,"_timestamp":1.772288131288832e+09}