{"_step":30,"gradient_norm":0,"final_val_loss":2.3025735377581498,"final_train_loss":2.3031366645400975,"best_val_loss":2.3017798243621406,"val_loss":2.3025735377581498,"convergence_epoch":28,"epoch":29,"_runtime":590,"_wandb":{"runtime":590},"overfitting_gap":0.0005631267819476982,"_timestamp":1.7725380977028847e+09,"train_loss":2.3031366645400975,"final_val_accuracy":0.10422559355446988,"val_accuracy":0.10422559355446988}