{"_wandb":{"runtime":127},"_runtime":127,"val_accuracy":0.9556869803719894,"_timestamp":1.7722777196070945e+09,"_step":0}