{"gradient_norm":0,"final_val_loss":0.7173358991032109,"epoch":29,"val_loss":0.7173358991032109,"overfitting_gap":0.08498398738085744,"best_val_loss":0.7173358991032109,"val_accuracy":0.7918059484014742,"_step":30,"final_train_loss":0.8023198864840684,"_wandb":{"runtime":91},"train_loss":0.8023198864840684,"final_val_accuracy":0.7918059484014742,"_timestamp":1.7725500713110294e+09,"_runtime":91,"convergence_epoch":29}