{"train_loss":2.3010924777457946,"final_train_loss":2.3010924777457946,"final_val_accuracy":0.11253964172452216,"_timestamp":1.7725302912419653e+09,"gradient_norm":0,"best_val_loss":2.301066951891188,"val_loss":2.301066951891188,"final_val_loss":2.301066951891188,"val_accuracy":0.11253964172452216,"_step":30,"_runtime":122,"_wandb":{"runtime":122},"epoch":29,"overfitting_gap":2.552585460646739e-05,"convergence_epoch":29}