{"val_accuracy":0.11253964172452216,"_wandb":{"runtime":105},"_runtime":105,"_timestamp":1.7722893766988492e+09,"_step":0}