{"gradient_norm":0,"_step":30,"final_val_loss":0.18531331487660593,"best_val_loss":0.18531331487660593,"final_train_loss":0.14708027297644208,"epoch":29,"train_loss":0.14708027297644208,"overfitting_gap":-0.038233041900163856,"final_val_accuracy":0.949430016285249,"val_loss":0.18531331487660593,"_timestamp":1.7725480156569257e+09,"convergence_epoch":29,"val_accuracy":0.949430016285249,"_wandb":{"runtime":148},"_runtime":148}