{"_step":0,"_wandb":{"runtime":73},"_runtime":73,"val_accuracy":0.8481186251821377,"_timestamp":1.7721907591553423e+09}