{"_runtime":102,"val_accuracy":0.11253964172452216,"_timestamp":1.7722843129231856e+09,"_step":0,"_wandb":{"runtime":102}}