{"overfitting_gap":0.00010840817171198225,"final_val_accuracy":0.11253964172452216,"_timestamp":1.7725481641083212e+09,"epoch":29,"final_train_loss":2.3012513755123756,"_step":30,"val_accuracy":0.11253964172452216,"final_val_loss":2.3011429673406636,"train_loss":2.3012513755123756,"convergence_epoch":21,"gradient_norm":0,"_runtime":138,"best_val_loss":2.3011326433986046,"_wandb":{"runtime":138},"val_loss":2.3011429673406636}