{"_step":0,"val_accuracy":0.09745435844690152,"_timestamp":1.7721860978630211e+09,"_wandb":{"runtime":112},"_runtime":112}