{"_runtime":69,"_step":19,"epoch":19,"grad_norm_layer1":2.3906353997019365e-05,"_timestamp":1.77264170732906e+09,"_wandb":{"runtime":69}}