{"_runtime":770,"convergence_epoch":9,"_wandb":{"runtime":770},"overfitting_gap":0.00012343298844808004,"val_accuracy":0.11253964172452216,"val_loss":2.3011810113753755,"best_val_loss":2.3011417879291463,"final_val_accuracy":0.11253964172452216,"gradient_norm":0,"_timestamp":1.7725166422805943e+09,"train_loss":2.3013044443638235,"final_val_loss":2.3011810113753755,"epoch":29,"final_train_loss":2.3013044443638235,"_step":30}