{"val_accuracy":0.11253964172452216,"_timestamp":1.7722833186310372e+09,"_wandb":{"runtime":316},"_runtime":316,"_step":0}