{"final_val_accuracy":0.8123767892345933,"best_val_loss":0.6472830159479045,"final_val_loss":0.6472830159479045,"_timestamp":1.7725510355047386e+09,"_step":30,"epoch":29,"convergence_epoch":29,"val_loss":0.6472830159479045,"train_loss":0.6932745989761562,"gradient_norm":0,"val_accuracy":0.8123767892345933,"final_train_loss":0.6932745989761562,"_wandb":{"runtime":134},"overfitting_gap":0.04599158302825168,"_runtime":134}