{"_runtime":65,"epoch":19,"grad_norm_layer1":2.311178926771784e-06,"_timestamp":1.7726364756142485e+09,"_step":19,"_wandb":{"runtime":65}}