{"_step":0,"val_accuracy":0.10199708579754864,"_wandb":{"runtime":26},"_runtime":26,"_timestamp":1.7721951497664356e+09}