{"_runtime":78,"_step":19,"epoch":19,"grad_norm_layer1":0.0004952764475620822,"_timestamp":1.7726417903130217e+09,"_wandb":{"runtime":78}}