{"epoch":29,"_runtime":607,"gradient_norm":0,"_timestamp":1.772520350337427e+09,"convergence_epoch":2,"final_val_accuracy":0.8869460872546499,"val_loss":0.5750705401466368,"_wandb":{"runtime":607},"final_val_loss":0.5750705401466368,"train_loss":0.5297766862969668,"best_val_loss":0.2795093947281645,"val_accuracy":0.8869460872546499,"overfitting_gap":-0.045293853849669996,"_step":30,"final_train_loss":0.5297766862969668}