{"_timestamp":1.7722805398977666e+09,"_step":0,"_wandb":{"runtime":56},"_runtime":56,"val_accuracy":0.9552584211879661}