{"val_accuracy":0.11253964172452216,"final_train_loss":2.301152918379747,"train_loss":2.301152918379747,"_runtime":659,"_step":30,"val_loss":2.301130392324796,"gradient_norm":0,"overfitting_gap":2.252605495112192e-05,"convergence_epoch":29,"epoch":29,"final_val_loss":2.301130392324796,"_wandb":{"runtime":659},"_timestamp":1.772515860366262e+09,"best_val_loss":2.301130392324796,"final_val_accuracy":0.11253964172452216}