{"_step":0,"_wandb":{"runtime":73},"_runtime":73,"val_accuracy":0.11253964172452216,"_timestamp":1.7722790922765384e+09}