{"_wandb":{"runtime":79},"_runtime":79,"_step":0,"val_accuracy":0.11253964172452216,"_timestamp":1.7721890132178702e+09}