{"convergence_epoch":29,"_wandb":{"runtime":96},"final_val_loss":2.301028516325139,"val_accuracy":0.11253964172452216,"overfitting_gap":7.671495910788195e-05,"_timestamp":1.7726305848420246e+09,"epoch":29,"_step":30,"_runtime":96,"gradient_norm":0,"final_train_loss":2.301105231284247,"train_loss":2.301105231284247,"best_val_loss":2.301028516325139,"final_val_accuracy":0.11253964172452216,"val_loss":2.301028516325139}