{"_timestamp":1.7725382492639246e+09,"final_val_accuracy":0.11253964172452216,"_step":30,"val_loss":2.301116930621347,"epoch":29,"gradient_norm":0,"convergence_epoch":29,"val_accuracy":0.11253964172452216,"train_loss":2.3011394948496044,"final_train_loss":2.3011394948496044,"overfitting_gap":2.2564228257415664e-05,"_runtime":138,"best_val_loss":2.301116930621347,"_wandb":{"runtime":138},"final_val_loss":2.301116930621347}