{"_wandb":{"runtime":317},"gradient_norm":0,"best_val_loss":2.3014409897311245,"_timestamp":1.7725342743348277e+09,"val_accuracy":0.11253964172452216,"train_loss":2.3021168908855176,"final_val_loss":2.3021635567753136,"_runtime":317,"_step":30,"epoch":29,"convergence_epoch":6,"overfitting_gap":-4.6665889795960425e-05,"final_val_accuracy":0.11253964172452216,"final_train_loss":2.3021168908855176,"val_loss":2.3021635567753136}