{"best_val_loss":0.1309711196554054,"_step":30,"_timestamp":1.7725277611597402e+09,"final_val_loss":0.4167189964616752,"final_val_accuracy":0.9713722465072426,"_runtime":4016,"final_train_loss":0.02643826805917828,"val_accuracy":0.9713722465072426,"epoch":29,"train_loss":0.02643826805917828,"convergence_epoch":2,"val_loss":0.4167189964616752,"overfitting_gap":-0.39028072840249695,"_wandb":{"runtime":4016},"gradient_norm":0}