{"_runtime":380,"_step":0,"val_accuracy":0.9753149910002571,"_timestamp":1.7721144379325254e+09,"_wandb":{"runtime":380}}