{"_step":0,"_runtime":83,"_wandb":{"runtime":83},"val_accuracy":0.11253964172452216,"_timestamp":1.772285645307542e+09}