{"_step":0,"val_accuracy":0.9747150081426245,"_timestamp":1.7721868853795433e+09,"_wandb":{"runtime":148},"_runtime":148}