{"_wandb":{"runtime":77},"_runtime":77,"val_accuracy":0.11253964172452216,"_timestamp":1.7722887742454178e+09,"_step":0}