{"activation_histogram":{"values":[4,7,15,30,49,91,163,253,451,666,1087,1772,2602,3892,5759,8218,11764,16372,22662,30569,40666,52342,64739,76940,88444,97980,104474,107543,105254,100709,92692,83672,73470,62564,51906,42711,33826,26749,20587,15525,11799,8998,6663,4888,3538,2550,1887,1272,871,613,391,275,161,93,63,34,29,16,7,4,0,2,1,2],"bins":[-0.44995862053934,-0.43387955716376914,-0.4178004937881983,-0.4017214304126274,-0.38564236703705657,-0.3695633036614857,-0.3534842402859149,-0.33740517691034405,-0.3213261135347732,-0.30524705015920234,-0.2891679867836315,-0.2730889234080607,-0.2570098600324898,-0.24093079665691894,-0.2248517332813481,-0.20877266990577725,-0.1926936065302064,-0.17661454315463554,-0.16053547977906468,-0.14445641640349383,-0.12837735302792297,-0.11229828965235217,-0.09621922627678131,-0.08014016290121045,-0.0640610995256396,-0.04798203615006874,-0.031902972774497884,-0.015823909398927027,0.0002551539766437738,0.01633421735221463,0.03241328072778549,0.048492344103356344,0.0645714074789272,0.08065047085449806,0.09672953423006891,0.11280859760563977,0.12888766098121063,0.14496672435678148,0.16104578773235234,0.1771248511079232,0.19320391448349405,0.2092829778590648,0.22536204123463566,0.24144110461020651,0.25752016798577737,0.2735992313613482,0.2896782947369191,0.30575735811248994,0.3218364214880608,0.33791548486363165,0.3539945482392025,0.37007361161477337,0.3861526749903442,0.4022317383659151,0.41831080174148594,0.4343898651170568,0.45046892849262754,0.4665479918681984,0.48262705524376925,0.4987061186193401,0.514785181994911,0.5308642453704818,0.5469433087460527,0.5630223721216236,0.5791014354971945],"_type":"histogram"},"_timestamp":1.772647328292955e+09,"fully_dead_neurons_layer1":0,"_wandb":{"runtime":1213},"_step":19,"_runtime":1213,"epoch":19,"val_accuracy":0.1324247878632039,"zero_fraction_layer1":0,"grad_norm_layer1":0.0014398598840117348}