{"val_accuracy":0.3347047227222079,"_wandb":{"runtime":17},"_runtime":17,"_timestamp":1.7722757419749587e+09,"_step":0}