{"_step":0,"_wandb":{"runtime":58},"_runtime":58,"val_accuracy":0.11253964172452216,"_timestamp":1.7722756426688297e+09}