{"_runtime":26,"_step":0,"val_accuracy":0.11253964172452216,"_timestamp":1.7722758862994187e+09,"_wandb":{"runtime":26}}