{"_runtime":264,"_wandb":{"runtime":264},"_timestamp":1.7721917114462204e+09,"_step":0,"val_accuracy":0.9068312333933316}