{"_wandb":{"runtime":96},"_runtime":96,"_timestamp":1.7722867097048438e+09,"_step":0,"val_accuracy":0.09942573069340876}