{"val_accuracy":0.11253964172452216,"_timestamp":1.772278915632019e+09,"_step":0,"_runtime":59,"_wandb":{"runtime":59}}