{"train_loss":2.302142889026668,"val_loss":2.302452902794175,"best_val_loss":2.3015868088901055,"final_train_loss":2.302142889026668,"final_val_loss":2.302452902794175,"gradient_norm":0,"val_accuracy":0.11253964172452216,"overfitting_gap":-0.00031001376750694476,"_runtime":1125,"_step":30,"_wandb":{"runtime":1125},"convergence_epoch":22,"_timestamp":1.7725363858905652e+09,"epoch":29,"final_val_accuracy":0.11253964172452216}