{"val_accuracy":0.9604011313962458,"overfitting_gap":-0.05401013265000479,"epoch":29,"_runtime":244,"final_val_loss":0.14806208626054,"convergence_epoch":29,"val_loss":0.14806208626054,"final_val_accuracy":0.9604011313962458,"gradient_norm":0,"final_train_loss":0.0940519536105352,"_timestamp":1.7725305445037317e+09,"train_loss":0.0940519536105352,"_step":30,"_wandb":{"runtime":244},"best_val_loss":0.14806208626054}