{"val_accuracy":0.11253964172452216,"_timestamp":1.7721956885209756e+09,"_step":0,"_wandb":{"runtime":160},"_runtime":160}