{"_step":0,"_wandb":{"runtime":165},"_runtime":165,"val_accuracy":0.905716979514871,"_timestamp":1.7721842850929744e+09}