{"val_loss":2.3011329722399188,"final_val_accuracy":0.11253964172452216,"convergence_epoch":16,"final_val_loss":2.3011329722399188,"_timestamp":1.772536686257041e+09,"epoch":29,"train_loss":2.3012785697047846,"final_train_loss":2.3012785697047846,"overfitting_gap":0.00014559746486586533,"_wandb":{"runtime":286},"gradient_norm":0,"best_val_loss":2.3011309957999,"_step":30,"_runtime":286,"val_accuracy":0.11253964172452216}