{"_step":0,"_wandb":{"runtime":271},"_runtime":271,"val_accuracy":0.166709522585069,"_timestamp":1.7722854749832664e+09}