{"_wandb":{"runtime":262},"_step":30,"overfitting_gap":0.005099151201463065,"val_accuracy":0.9311733950458558,"gradient_norm":0,"final_val_accuracy":0.9311733950458558,"epoch":29,"final_val_loss":0.24800410870418668,"train_loss":0.25310325990564975,"_runtime":262,"convergence_epoch":29,"final_train_loss":0.25310325990564975,"val_loss":0.24800410870418668,"_timestamp":1.772538879581088e+09,"best_val_loss":0.24800410870418668}