{"_step":0,"_wandb":{"runtime":109},"_runtime":109,"val_accuracy":0.9784863289620297,"_timestamp":1.7721875872158198e+09}