{"_step":30,"_wandb":{"runtime":535},"val_accuracy":0.11253964172452216,"gradient_norm":0,"epoch":29,"final_val_accuracy":0.11253964172452216,"train_loss":2.301247999134611,"overfitting_gap":0.00010546312374559719,"_runtime":535,"final_train_loss":2.301247999134611,"best_val_loss":2.3011334431518806,"val_loss":2.3011425360108655,"convergence_epoch":22,"final_val_loss":2.3011425360108655,"_timestamp":1.7725518213345718e+09}