{"_wandb":{"runtime":57},"_runtime":57,"_step":0,"val_accuracy":0.9731721950801405,"_timestamp":1.7721901783655877e+09}