{"_timestamp":1.7722845513510268e+09,"_wandb":{"runtime":94},"_runtime":94,"_step":0,"val_accuracy":0.9701722807919774}