{"best_val_loss":0.15268475996831907,"_step":30,"convergence_epoch":13,"final_val_loss":0.3046894932524439,"train_loss":0.07624624755639905,"gradient_norm":0,"_timestamp":1.7725330663541868e+09,"_wandb":{"runtime":235},"epoch":29,"overfitting_gap":-0.22844324569604482,"val_accuracy":0.9674295020142282,"val_loss":0.3046894932524439,"final_train_loss":0.07624624755639905,"final_val_accuracy":0.9674295020142282,"_runtime":235}