{"_timestamp":1.7722877594089673e+09,"_step":0,"_wandb":{"runtime":58},"_runtime":58,"val_accuracy":0.11253964172452216}