{"_timestamp":1.7721869464585173e+09,"_step":0,"val_accuracy":0.11253964172452216,"_wandb":{"runtime":44},"_runtime":44}