{"val_accuracy":0.11253964172452216,"_timestamp":1.772282446385429e+09,"_step":0,"_wandb":{"runtime":91},"_runtime":91}