{"_timestamp":1.7726354350676017e+09,"_step":19,"epoch":19,"grad_norm_layer1":0.0003264902741383995,"_wandb":{"runtime":48},"_runtime":48}