{"_wandb":{"runtime":124},"_runtime":124,"epoch":19,"grad_norm_layer1":2.0996799289924215e-06,"_timestamp":1.7726328704126859e+09,"_step":19}