{"_timestamp":1.7722837908468766e+09,"_step":0,"val_accuracy":0.11253964172452216,"_wandb":{"runtime":128},"_runtime":128}