{"_runtime":70,"_step":0,"val_accuracy":0.11253964172452216,"_timestamp":1.7722879168119354e+09,"_wandb":{"runtime":70}}