{"_step":6,"_wandb":{"runtime":51},"_runtime":51,"epoch":6,"grad_norm_layer1":2.5237305493717075e-06,"_timestamp":1.7726355539288368e+09}