{"_wandb":{"runtime":129},"_runtime":129,"_step":0,"val_accuracy":0.8692894488728894,"_timestamp":1.7721850182297347e+09}