{"_wandb":{"runtime":22},"_runtime":22,"val_accuracy":0.11253964172452216,"_timestamp":1.7721854235733833e+09,"_step":0}