{"_runtime":44,"_wandb":{"runtime":44},"_timestamp":1.7722753262268414e+09,"_step":0,"val_accuracy":0.9244878717750922}