{"_runtime":99,"val_accuracy":0.9657152652781349,"_timestamp":1.7721886167702343e+09,"_step":0,"_wandb":{"runtime":99}}