{"_runtime":261,"_step":0,"val_accuracy":0.978400617125225,"_timestamp":1.7721914311319785e+09,"_wandb":{"runtime":261}}