{"grad_norm_layer1":2.0062362551688428e-08,"_timestamp":1.772632741018818e+09,"_step":19,"epoch":19,"_wandb":{"runtime":75},"_runtime":75}