{"_runtime":222,"val_accuracy":0.9752292791634525,"_timestamp":1.7722823465450613e+09,"_step":0,"_wandb":{"runtime":222}}