{"_timestamp":1.772276476898331e+09,"_step":0,"_wandb":{"runtime":41},"_runtime":41,"val_accuracy":0.9645152995628696}