{"_runtime":443,"overfitting_gap":2.3580803397038608e-05,"gradient_norm":0,"train_loss":2.3011706851326688,"_wandb":{"runtime":443},"final_val_loss":2.3011471043292717,"val_accuracy":0.11253964172452216,"convergence_epoch":29,"final_val_accuracy":0.11253964172452216,"best_val_loss":2.3011471043292717,"val_loss":2.3011471043292717,"epoch":29,"_step":30,"_timestamp":1.7725210641313746e+09,"final_train_loss":2.3011706851326688}