{"final_train_loss":2.3012213340495586,"_timestamp":1.7726306971106648e+09,"final_val_loss":2.301137212455815,"train_loss":2.3012213340495586,"overfitting_gap":8.412159374371342e-05,"_runtime":103,"final_val_accuracy":0.11253964172452216,"best_val_loss":2.3011332259967157,"val_accuracy":0.11253964172452216,"gradient_norm":0,"_wandb":{"runtime":103},"val_loss":2.301137212455815,"_step":30,"epoch":29,"convergence_epoch":19}