{"_timestamp":1.7722861540240831e+09,"_wandb":{"runtime":82},"_runtime":82,"_step":0,"val_accuracy":0.11253964172452216}