{"val_accuracy":0.9659724007885488,"_runtime":77,"best_val_loss":0.12557249201167198,"_step":30,"overfitting_gap":-0.2428873198886211,"final_val_loss":0.2732253074074139,"train_loss":0.030337987518792794,"_wandb":{"runtime":77},"gradient_norm":0,"val_loss":0.2732253074074139,"_timestamp":1.7725503953254132e+09,"final_val_accuracy":0.9659724007885488,"epoch":29,"convergence_epoch":3,"final_train_loss":0.030337987518792794}