{"_step":0,"val_accuracy":0.11253964172452216,"_wandb":{"runtime":26},"_runtime":26,"_timestamp":1.7722748265772514e+09}