{"_runtime":71,"_wandb":{"runtime":71},"val_accuracy":0.10422559355446988,"_timestamp":1.7722821086072974e+09,"_step":0}