{"_runtime":52,"_timestamp":1.7721854855304444e+09,"_step":0,"val_accuracy":0.09745435844690152,"_wandb":{"runtime":52}}