{"final_val_accuracy":0.11253964172452216,"_runtime":270,"val_accuracy":0.11253964172452216,"final_val_loss":2.3027928626038303,"_timestamp":1.77253221120359e+09,"_step":30,"train_loss":2.3033555812148085,"epoch":29,"best_val_loss":2.301889837132861,"_wandb":{"runtime":270},"convergence_epoch":24,"gradient_norm":0,"overfitting_gap":0.0005627186109782301,"final_train_loss":2.3033555812148085,"val_loss":2.3027928626038303}