{"_runtime":52,"_timestamp":1.7722788406367564e+09,"_step":0,"val_accuracy":0.9253449901431388,"_wandb":{"runtime":52}}