{"val_accuracy":0.11253964172452216,"_wandb":{"runtime":20},"_runtime":20,"_timestamp":1.7722747921827462e+09,"_step":0}