{"epoch":19,"grad_norm_layer1":2.417075195364762e-05,"_wandb":{"runtime":43},"_runtime":43,"_timestamp":1.7726362979646366e+09,"_step":19}