{"_wandb":{"runtime":136},"_runtime":136,"_timestamp":1.772190039749275e+09,"_step":0,"val_accuracy":0.10199708579754864}