{"_timestamp":1.772283861539051e+09,"_wandb":{"runtime":54},"_runtime":54,"_step":0,"val_accuracy":0.11253964172452216}