{"_runtime":58,"val_accuracy":0.9679437730350562,"_timestamp":1.7721938833283157e+09,"_step":0,"_wandb":{"runtime":58}}