{"_wandb":{"runtime":140},"_runtime":140,"_step":0,"val_accuracy":0.9721436530384846,"_timestamp":1.772274700253878e+09}