{"_runtime":44,"val_accuracy":0.11253964172452216,"_timestamp":1.7722760484325902e+09,"_step":0,"_wandb":{"runtime":44}}