{"_wandb":{"runtime":289},"epoch":29,"train_loss":2.3011446651529317,"final_val_accuracy":0.11253964172452216,"val_loss":2.3011304149490464,"final_val_loss":2.3011304149490464,"overfitting_gap":1.425020388534648e-05,"best_val_loss":2.3011304149490464,"val_accuracy":0.11253964172452216,"gradient_norm":0,"convergence_epoch":29,"_runtime":289,"_timestamp":1.7725229691746106e+09,"_step":30,"final_train_loss":2.3011446651529317}