{"_runtime":145,"val_accuracy":0.11253964172452216,"_timestamp":1.7722840184087286e+09,"_step":0,"_wandb":{"runtime":145}}