{"_wandb":{"runtime":178},"gradient_norm":0,"epoch":29,"val_accuracy":0.11253964172452216,"_timestamp":1.7724795146691658e+09,"_runtime":178,"final_train_loss":2.300416169718772,"train_loss":2.300416169718772,"best_val_loss":2.300367913481483,"final_val_accuracy":0.11253964172452216,"convergence_epoch":29,"overfitting_gap":4.825623728921258e-05,"final_val_loss":2.300367913481483,"_step":30,"val_loss":2.300367913481483}