{"_wandb":{"runtime":58},"_runtime":58,"_timestamp":1.772288316578643e+09,"_step":0,"val_accuracy":0.11253964172452216}