{"val_accuracy":0.9186594668723751,"_timestamp":1.7721843397771485e+09,"_step":0,"_wandb":{"runtime":47},"_runtime":47}