{"_runtime":46,"_timestamp":1.7721840742305076e+09,"_step":0,"val_accuracy":0.13868175194994428,"_wandb":{"runtime":46}}