{"_timestamp":1.7722860628050375e+09,"_step":0,"_wandb":{"runtime":173},"_runtime":173,"val_accuracy":0.11253964172452216}