{"_wandb":{"runtime":71},"_runtime":71,"val_accuracy":0.11253964172452216,"_timestamp":1.7722869417900374e+09,"_step":0}