{"val_accuracy":0.11253964172452216,"_timestamp":1.7722897419590225e+09,"_step":0,"_wandb":{"runtime":53},"_runtime":53}