{"_step":0,"_wandb":{"runtime":280},"_runtime":280,"val_accuracy":0.9430016285248993,"_timestamp":1.7722872333106904e+09}