{"_timestamp":1.7721848162346375e+09,"_step":0,"_wandb":{"runtime":45},"_runtime":45,"val_accuracy":0.9629724865003857}