{"_runtime":59,"_step":0,"val_accuracy":0.09822576497814348,"_timestamp":1.7722863664418812e+09,"_wandb":{"runtime":59}}