{"_wandb":{"runtime":14},"_runtime":14,"val_accuracy":0.11253964172452216,"_timestamp":1.772275453263519e+09,"_step":0}