{"_runtime":163,"val_accuracy":0.9064883860461129,"_timestamp":1.7721888553430185e+09,"_step":0,"_wandb":{"runtime":163}}