{"_wandb":{"runtime":91},"_runtime":91,"val_accuracy":0.9748864318162338,"_timestamp":1.7721874621115131e+09,"_step":0}