{"best_val_loss":2.3011306195001064,"final_val_loss":2.301130650039983,"final_val_accuracy":0.11253964172452216,"val_loss":2.301130650039983,"_timestamp":1.772528505353971e+09,"overfitting_gap":7.1196258468742e-05,"val_accuracy":0.11253964172452216,"train_loss":2.3012018462984516,"epoch":29,"_wandb":{"runtime":134},"_runtime":134,"convergence_epoch":28,"_step":30,"final_train_loss":2.3012018462984516,"gradient_norm":0}