{"_timestamp":1.7721883929403653e+09,"_wandb":{"runtime":149},"_runtime":149,"_step":0,"val_accuracy":0.09745435844690152}