{"val_accuracy":0.11253964172452216,"_timestamp":1.7722864855157533e+09,"_step":0,"_wandb":{"runtime":108},"_runtime":108}