{"gradient_norm":0,"train_loss":0.02429883643536725,"best_val_loss":0.024076224382444153,"val_loss":0.024076224382444153,"epoch":29,"final_train_loss":0.02429883643536725,"_wandb":{"runtime":198},"_step":30,"_runtime":198,"final_val_loss":0.024076224382444153,"val_accuracy":0.8453333333333334,"_timestamp":1.7727915292977207e+09,"overfitting_gap":0.00022261205292309696,"convergence_epoch":29,"final_val_accuracy":0.8453333333333334}