{"val_loss":2.3004529044924706,"final_val_loss":2.3004529044924706,"_wandb":{"runtime":199},"overfitting_gap":3.632261030617201e-05,"val_accuracy":0.11253964172452216,"best_val_loss":2.3004529044924706,"_runtime":199,"convergence_epoch":29,"final_val_accuracy":0.11253964172452216,"_step":30,"final_train_loss":2.300489227102777,"train_loss":2.300489227102777,"_timestamp":1.7725507875511537e+09,"epoch":29,"gradient_norm":0}