{"_timestamp":1.7721918364001052e+09,"_step":0,"_wandb":{"runtime":65},"_runtime":65,"val_accuracy":0.10422559355446988}