{"val_accuracy":0.11253964172452216,"_timestamp":1.7722888423977385e+09,"_wandb":{"runtime":58},"_runtime":58,"_step":0}