{"_runtime":66,"_step":0,"val_accuracy":0.11253964172452216,"_timestamp":1.7722825208523576e+09,"_wandb":{"runtime":66}}