{"_wandb":{"runtime":42},"_runtime":42,"_step":0,"val_accuracy":0.9506299820005143,"_timestamp":1.7722848967097259e+09}