{"final_val_loss":2.3012425753382435,"val_loss":2.3012425753382435,"gradient_norm":0,"_timestamp":1.7725496703234944e+09,"_wandb":{"runtime":551},"overfitting_gap":0.00021710391833362763,"val_accuracy":0.11253964172452216,"epoch":29,"best_val_loss":2.30121496356541,"_step":30,"_runtime":551,"convergence_epoch":3,"final_train_loss":2.301459679256577,"train_loss":2.301459679256577,"final_val_accuracy":0.11253964172452216}