{"_wandb":{"runtime":395},"epoch":29,"_timestamp":1.772517670025991e+09,"final_train_loss":0.0030765925604824703,"best_val_loss":0.0952354376610191,"val_loss":0.16359757464474958,"final_val_accuracy":0.9772006514099597,"_step":30,"convergence_epoch":5,"train_loss":0.0030765925604824703,"_runtime":395,"final_val_loss":0.16359757464474958,"val_accuracy":0.9772006514099597,"overfitting_gap":-0.1605209820842671,"gradient_norm":0}