{"val_loss":0.013689393043557617,"final_val_loss":0.013689393043557617,"best_val_loss":0.013689393043557617,"_timestamp":1.7727378386092403e+09,"_step":30,"_runtime":164,"epoch":29,"final_val_accuracy":0.934430444844433,"val_accuracy":0.934430444844433,"_wandb":{"runtime":164},"overfitting_gap":0.00040791368257444595,"train_loss":0.014097306726132063,"gradient_norm":0,"convergence_epoch":29,"final_train_loss":0.014097306726132063}