{"val_loss":0.01580087275330359,"convergence_epoch":26,"final_train_loss":0.010197216509123249,"val_accuracy":0.8965833333333333,"_step":30,"final_val_loss":0.01580087275330359,"_timestamp":1.772776939082567e+09,"_wandb":{"runtime":37783},"overfitting_gap":-0.005603656244180341,"epoch":29,"final_val_accuracy":0.8965833333333333,"best_val_loss":0.015155285349174184,"gradient_norm":0,"train_loss":0.010197216509123249,"_runtime":37783}