{"_timestamp":1.7722798362726808e+09,"_wandb":{"runtime":117},"_runtime":117,"_step":0,"val_accuracy":0.11253964172452216}