{"_wandb":{"runtime":138},"_runtime":138,"_step":0,"val_accuracy":0.39770292277363506,"_timestamp":1.7721864963637118e+09}