{"_step":19,"epoch":19,"grad_norm_layer1":2.2469215856446593e-06,"_timestamp":1.7726459863090124e+09,"_runtime":59,"_wandb":{"runtime":59}}