{"_runtime":187,"_wandb":{"runtime":187},"_step":0,"val_accuracy":0.11253964172452216,"_timestamp":1.772289046519128e+09}