{"val_accuracy":0.9572297934344733,"_timestamp":1.772274550283993e+09,"_wandb":{"runtime":33},"_runtime":33,"_step":0}