{"_runtime":129,"_step":0,"val_accuracy":0.9680294848718608,"_timestamp":1.772287466181599e+09,"_wandb":{"runtime":129}}