{"_step":0,"val_accuracy":0.964686723236479,"_timestamp":1.7722901195127335e+09,"_wandb":{"runtime":301},"_runtime":301}