{"_step":0,"_wandb":{"runtime":135},"_runtime":135,"val_accuracy":0.11253964172452216,"_timestamp":1.7722862983364973e+09}