{"epoch":19,"grad_norm_layer1":0.0003994071507543139,"_timestamp":1.772635682823772e+09,"_step":19,"_wandb":{"runtime":50},"_runtime":50}