{"final_val_loss":2.301130577095219,"final_train_loss":2.3011486576166345,"train_loss":2.3011486576166345,"_runtime":524,"gradient_norm":0,"_step":30,"overfitting_gap":1.8080521415608786e-05,"_wandb":{"runtime":524},"final_val_accuracy":0.11253964172452216,"val_loss":2.301130577095219,"epoch":29,"val_accuracy":0.11253964172452216,"convergence_epoch":29,"best_val_loss":2.301130577095219,"_timestamp":1.7725468472324e+09}