{"val_accuracy":0.9538870317990914,"_timestamp":1.7721906245962512e+09,"_wandb":{"runtime":142},"_runtime":142,"_step":0}