{"_wandb":{"runtime":243},"_runtime":243,"val_accuracy":0.8878032056226965,"_timestamp":1.7721858874231405e+09,"_step":0}