{"gradient_norm":0,"overfitting_gap":0.00046746029793709454,"_timestamp":1.7725463118879552e+09,"_step":30,"best_val_loss":2.3013853075082666,"convergence_epoch":16,"epoch":29,"final_val_accuracy":0.11253964172452216,"val_loss":2.3018508767839103,"final_val_loss":2.3018508767839103,"_wandb":{"runtime":627},"final_train_loss":2.3023183370818474,"train_loss":2.3023183370818474,"val_accuracy":0.11253964172452216,"_runtime":627}