{"final_val_loss":2.3017856079577435,"best_val_loss":2.301283914907523,"val_accuracy":0.11253964172452216,"overfitting_gap":7.446885893536148e-05,"_runtime":94,"final_val_accuracy":0.11253964172452216,"gradient_norm":0,"_wandb":{"runtime":94},"train_loss":2.301860076816679,"epoch":29,"val_loss":2.3017856079577435,"final_train_loss":2.301860076816679,"_step":30,"convergence_epoch":14,"_timestamp":1.7725317463658774e+09}