{"val_accuracy":0.11253964172452216,"_wandb":{"runtime":179},"final_val_loss":2.301183999409587,"train_loss":2.30130863110636,"final_val_accuracy":0.11253964172452216,"gradient_norm":0,"_timestamp":1.7725535536984673e+09,"epoch":29,"overfitting_gap":0.00012463169677312536,"val_loss":2.301183999409587,"final_train_loss":2.30130863110636,"best_val_loss":2.301139148202592,"convergence_epoch":12,"_step":30,"_runtime":179}