{"gradient_norm":0,"overfitting_gap":1.7280345907977335e-05,"train_loss":2.3010833467867626,"_runtime":226,"_step":30,"val_accuracy":0.11253964172452216,"_wandb":{"runtime":226},"final_val_loss":2.3010660664408547,"epoch":29,"convergence_epoch":29,"final_val_accuracy":0.11253964172452216,"_timestamp":1.7725288924329195e+09,"val_loss":2.3010660664408547,"best_val_loss":2.3010660664408547,"final_train_loss":2.3010833467867626}