{"_wandb":{"runtime":79},"_runtime":79,"_step":0,"val_accuracy":0.09745435844690152,"_timestamp":1.7722873204355686e+09}