{"_step":0,"_wandb":{"runtime":25},"_runtime":25,"val_accuracy":0.11253964172452216,"_timestamp":1.772274913233398e+09}