{"final_val_loss":2.3018229729629542,"final_val_accuracy":0.11253964172452216,"epoch":29,"val_accuracy":0.11253964172452216,"gradient_norm":0,"best_val_loss":2.3013008945959754,"_wandb":{"runtime":98},"final_train_loss":2.301843389326969,"convergence_epoch":19,"overfitting_gap":2.0416364014952393e-05,"_timestamp":1.7725313163016e+09,"train_loss":2.301843389326969,"_runtime":98,"_step":30,"val_loss":2.3018229729629542}