{"_wandb":{"runtime":437},"val_accuracy":0.11253964172452216,"overfitting_gap":7.090192053205158e-05,"_runtime":437,"final_train_loss":2.3012036193157694,"final_val_loss":2.3011327173952374,"final_val_accuracy":0.11253964172452216,"epoch":29,"train_loss":2.3012036193157694,"_step":30,"best_val_loss":2.301130581607201,"gradient_norm":0,"convergence_epoch":26,"_timestamp":1.7725297182838156e+09,"val_loss":2.3011327173952374}