{"val_accuracy":0.11253964172452216,"_timestamp":1.7722882422618792e+09,"_wandb":{"runtime":100},"_runtime":100,"_step":0}