{"_runtime":55,"val_accuracy":0.11253964172452216,"_timestamp":1.7722759945788195e+09,"_step":0,"_wandb":{"runtime":55}}