{"_step":0,"_wandb":{"runtime":59},"_runtime":59,"val_accuracy":0.11253964172452216,"_timestamp":1.7722867843690858e+09}