{"_timestamp":1.772641921467415e+09,"_wandb":{"runtime":58},"_runtime":58,"_step":19,"epoch":19,"grad_norm_layer1":2.1927965504993445e-06}