{"convergence_epoch":25,"final_val_accuracy":0.11253964172452216,"final_train_loss":2.3014082407866043,"epoch":29,"_wandb":{"runtime":289},"_timestamp":1.7725499686511874e+09,"best_val_loss":2.3011858788247297,"train_loss":2.3014082407866043,"val_accuracy":0.11253964172452216,"val_loss":2.30131354293689,"_step":30,"_runtime":289,"final_val_loss":2.30131354293689,"overfitting_gap":9.469784971427586e-05,"gradient_norm":0}