{"_wandb":{"runtime":57},"_runtime":57,"val_accuracy":0.9655438416045256,"_timestamp":1.7722767012379992e+09,"_step":0}