{"_runtime":71,"_step":0,"val_accuracy":0.10199708579754864,"_timestamp":1.7721902576526375e+09,"_wandb":{"runtime":71}}