{"_wandb":{"runtime":665},"epoch":29,"final_val_loss":2.3011302939171787,"_runtime":665,"final_val_accuracy":0.11253964172452216,"val_accuracy":0.11253964172452216,"best_val_loss":2.3011302939171787,"convergence_epoch":29,"final_train_loss":2.3011548660686794,"gradient_norm":0,"overfitting_gap":2.4572151500645845e-05,"train_loss":2.3011548660686794,"val_loss":2.3011302939171787,"_timestamp":1.7725197319419057e+09,"_step":30}