{"_runtime":337,"val_accuracy":0.9597154367018085,"_timestamp":1.7721847546034293e+09,"_step":0,"_wandb":{"runtime":337}}