{"_wandb":{"runtime":442},"_runtime":442,"_step":0,"val_accuracy":0.9635724693580183,"_timestamp":1.772277492965369e+09}