{"grad_norm_layer1":2.1875911304333254e-06,"_timestamp":1.7726358259222841e+09,"_step":14,"_wandb":{"runtime":37},"_runtime":37,"epoch":14}