{"_timestamp":1.772190825360291e+09,"_runtime":58,"_wandb":{"runtime":58},"_step":0,"val_accuracy":0.9643438758892603}