{"_runtime":81,"_step":0,"val_accuracy":0.11253964172452216,"_timestamp":1.7722744676390474e+09,"_wandb":{"runtime":81}}