{"final_train_loss":2.301478037513531,"_runtime":381,"val_accuracy":0.11253964172452216,"convergence_epoch":28,"final_val_accuracy":0.11253964172452216,"_timestamp":1.7725310352866266e+09,"train_loss":2.301478037513531,"final_val_loss":2.30120296160054,"_step":30,"val_loss":2.30120296160054,"epoch":29,"overfitting_gap":0.0002750759129908076,"best_val_loss":2.3011612097438827,"_wandb":{"runtime":381},"gradient_norm":0}