{"_wandb":{"runtime":22},"_runtime":22,"_step":0,"val_accuracy":0.11253964172452216,"_timestamp":1.7722758509905372e+09}