{"_wandb":{"runtime":86},"_runtime":86,"val_accuracy":0.11253964172452216,"_timestamp":1.7722846451354733e+09,"_step":0}