{"gradient_norm":0,"overfitting_gap":-0.0004885031401719031,"val_accuracy":0.7457786920373703,"_timestamp":1.7725281707804277e+09,"best_val_loss":0.7255013565746253,"convergence_epoch":29,"final_train_loss":0.7250128534344534,"epoch":29,"final_val_accuracy":0.7457786920373703,"_wandb":{"runtime":391},"train_loss":0.7250128534344534,"val_loss":0.7255013565746253,"_step":30,"_runtime":391,"final_val_loss":0.7255013565746253}