{"_timestamp":1.7721946925353148e+09,"_runtime":94,"_wandb":{"runtime":94},"_step":0,"val_accuracy":0.9508014056741236}