{"_runtime":129,"val_accuracy":0.09822576497814348,"_timestamp":1.7722891866864657e+09,"_step":0,"_wandb":{"runtime":129}}