{"val_loss":0.1542530188692856,"final_val_accuracy":0.9719722293648753,"epoch":29,"best_val_loss":0.11833913728010156,"_wandb":{"runtime":825},"final_train_loss":0.017713026262760993,"overfitting_gap":-0.1365399926065246,"final_val_loss":0.1542530188692856,"val_accuracy":0.9719722293648753,"gradient_norm":0,"train_loss":0.017713026262760993,"_step":30,"convergence_epoch":13,"_timestamp":1.7725478564195073e+09,"_runtime":825}