{"final_train_loss":2.3012190370604073,"overfitting_gap":7.589061709767364e-05,"train_loss":2.3012190370604073,"gradient_norm":0,"convergence_epoch":3,"epoch":29,"final_val_accuracy":0.11253964172452216,"final_val_loss":2.3011431464433096,"_wandb":{"runtime":87},"val_loss":2.3011431464433096,"_timestamp":1.7725306435042124e+09,"best_val_loss":2.3011308222913596,"_runtime":87,"val_accuracy":0.11253964172452216,"_step":30}