{"_runtime":175,"_step":0,"val_accuracy":0.8865175280706266,"_timestamp":1.772194581734772e+09,"_wandb":{"runtime":175}}