{"_step":0,"val_accuracy":0.9274020742264507,"_runtime":21,"_wandb":{"runtime":21},"_timestamp":1.7721841045878608e+09}