{"_runtime":325,"_step":0,"val_accuracy":0.11253964172452216,"_timestamp":1.772277034695438e+09,"_wandb":{"runtime":325}}