{"convergence_epoch":7,"_timestamp":1.7725352490905411e+09,"_wandb":{"runtime":687},"train_loss":2.560336021953462,"final_train_loss":2.560336021953462,"val_loss":3.2555518190848525,"gradient_norm":0,"_runtime":687,"epoch":29,"val_accuracy":0.09745435844690152,"_step":30,"final_val_loss":3.2555518190848525,"best_val_loss":2.6224608171180974,"final_val_accuracy":0.09745435844690152,"overfitting_gap":-0.6952157971313904}