{"_runtime":140,"_wandb":{"runtime":140},"_step":0,"val_accuracy":0.11253964172452216,"_timestamp":1.772285047426251e+09}