{"_runtime":64,"_step":0,"val_accuracy":0.9582583354761293,"_timestamp":1.7721925468559973e+09,"_wandb":{"runtime":64}}