{"overfitting_gap":0.039133991534670454,"_timestamp":1.7725190561809125e+09,"val_loss":1.58659666584875,"epoch":29,"final_val_loss":1.58659666584875,"_step":30,"best_val_loss":0.28945132014967284,"gradient_norm":0,"final_train_loss":1.6257306573834205,"_wandb":{"runtime":719},"final_val_accuracy":0.4182737636067541,"_runtime":719,"val_accuracy":0.4182737636067541,"train_loss":1.6257306573834205,"convergence_epoch":2}