{"_wandb":{"runtime":63},"_runtime":63,"_timestamp":1.772285716617101e+09,"_step":0,"val_accuracy":0.11253964172452216}