{"_runtime":128,"_timestamp":1.7722880610511618e+09,"_step":0,"val_accuracy":0.9688866032399074,"_wandb":{"runtime":128}}