{"_timestamp":1.7721882348567529e+09,"_wandb":{"runtime":265},"_runtime":265,"_step":0,"val_accuracy":0.9097454358446901}