{"_runtime":123,"_wandb":{"runtime":123},"_step":0,"val_accuracy":0.9365732407645496,"_timestamp":1.7721877203458433e+09}