{"_timestamp":1.772289262001847e+09,"_wandb":{"runtime":66},"_runtime":66,"_step":0,"val_accuracy":0.11253964172452216}