{"_runtime":114,"_step":0,"val_accuracy":0.11253964172452216,"_timestamp":1.772278585373761e+09,"_wandb":{"runtime":114}}