{"_runtime":37,"_timestamp":1.7726363388272843e+09,"_step":19,"epoch":19,"grad_norm_layer1":0.0003934048056887965,"_wandb":{"runtime":37}}