{"_step":0,"_wandb":{"runtime":61},"_runtime":61,"val_accuracy":0.9698294334447587,"_timestamp":1.7721954588645558e+09}