{"_step":0,"_wandb":{"runtime":166},"_runtime":166,"val_accuracy":0.11253964172452216,"_timestamp":1.77228091268611e+09}