{"_timestamp":1.7721889267290611e+09,"_wandb":{"runtime":63},"_runtime":63,"_step":0,"val_accuracy":0.11253964172452216}