{"_runtime":58,"val_accuracy":0.9723150767120939,"_timestamp":1.7721879618347275e+09,"_step":0,"_wandb":{"runtime":58}}