{"_timestamp":1.7721855186038957e+09,"_wandb":{"runtime":25},"_runtime":25,"_step":0,"val_accuracy":0.11253964172452216}