{"convergence_epoch":29,"_wandb":{"runtime":162},"final_val_accuracy":0.956544098740036,"_runtime":162,"val_accuracy":0.956544098740036,"final_val_loss":0.15642892966410282,"best_val_loss":0.15642892966410282,"_step":30,"train_loss":0.12299639903606137,"_timestamp":1.7725470195130105e+09,"val_loss":0.15642892966410282,"final_train_loss":0.12299639903606137,"gradient_norm":0,"epoch":29,"overfitting_gap":-0.033432530628041454}