{"_timestamp":1.7722905840674124e+09,"_wandb":{"runtime":456},"_runtime":456,"_step":0,"val_accuracy":0.3901602811348247}