{"final_val_accuracy":0.11253964172452216,"val_loss":2.3011388962661816,"final_train_loss":2.301192402621836,"train_loss":2.301192402621836,"_timestamp":1.772522195517262e+09,"epoch":29,"best_val_loss":2.3011326604382507,"overfitting_gap":5.3506355654597826e-05,"_step":30,"val_accuracy":0.11253964172452216,"convergence_epoch":19,"gradient_norm":0,"final_val_loss":2.3011388962661816,"_runtime":153,"_wandb":{"runtime":153}}