{"_timestamp":1.7721894430026186e+09,"_step":0,"_wandb":{"runtime":113},"_runtime":113,"val_accuracy":0.9218308048341476}