{"val_accuracy":0.4322447930059141,"_wandb":{"runtime":260},"_runtime":260,"_timestamp":1.7721933544759586e+09,"_step":0}