{"final_train_loss":2.3012600403449404,"final_val_accuracy":0.11253964172452216,"epoch":29,"val_accuracy":0.11253964172452216,"best_val_loss":2.3011337518723094,"train_loss":2.3012600403449404,"_runtime":190,"convergence_epoch":4,"overfitting_gap":0.00012200066312084701,"final_val_loss":2.3011380396818195,"_wandb":{"runtime":190},"val_loss":2.3011380396818195,"_timestamp":1.772553755699003e+09,"gradient_norm":0,"_step":30}