{"val_accuracy":0.09822576497814348,"_timestamp":1.7721930862591364e+09,"_step":0,"_runtime":523,"_wandb":{"runtime":523}}