{"_timestamp":1.772184012279149e+09,"_wandb":{"runtime":20},"_runtime":20,"_step":0,"val_accuracy":0.3012771063683895}