{"_step":0,"_wandb":{"runtime":51},"_runtime":51,"val_accuracy":0.9543155909831148,"_timestamp":1.7721844075859933e+09}