{"_timestamp":1.772635625474394e+09,"_step":19,"_wandb":{"runtime":49},"_runtime":49,"epoch":19,"grad_norm_layer1":2.160247436677872e-05}