{"epoch":29,"gradient_norm":0,"best_val_loss":0.699571888092563,"_wandb":{"runtime":120},"final_val_loss":0.699571888092563,"final_train_loss":0.5511348245109011,"final_val_accuracy":0.7864061026827804,"_step":30,"_runtime":120,"val_accuracy":0.7864061026827804,"convergence_epoch":29,"overfitting_gap":-0.14843706358166187,"train_loss":0.5511348245109011,"val_loss":0.699571888092563,"_timestamp":1.7725502067798667e+09}