{"val_accuracy":0.11253964172452216,"_wandb":{"runtime":135},"_runtime":135,"_timestamp":1.7722896805719972e+09,"_step":0}