{"_wandb":{"runtime":59},"_runtime":59,"_timestamp":1.7721830735565586e+09,"_step":0,"val_accuracy":0.11253964172452216}