{"val_loss":0.3105401872393623,"final_train_loss":0.30855942273607956,"train_loss":0.30855942273607956,"epoch":29,"_wandb":{"runtime":245},"_runtime":245,"gradient_norm":0,"final_val_loss":0.3105401872393623,"best_val_loss":0.25681279644652527,"overfitting_gap":-0.001980764503282717,"val_accuracy":0.9229450587126082,"final_val_accuracy":0.9229450587126082,"_timestamp":1.7725181674896312e+09,"convergence_epoch":16,"_step":30}