{"_step":0,"val_accuracy":0.8778606325533557,"_timestamp":1.7721898263071916e+09,"_wandb":{"runtime":105},"_runtime":105}