{"_wandb":{"runtime":74},"_runtime":74,"_step":0,"val_accuracy":0.09745435844690152,"_timestamp":1.772277576157237e+09}