{"_runtime":114,"_step":0,"val_accuracy":0.11253964172452216,"_timestamp":1.7721919616194818e+09,"_wandb":{"runtime":114}}