{"gradient_norm":0,"overfitting_gap":0.00019867228705444488,"final_val_accuracy":0.9380303419902288,"final_train_loss":0.013066206464036702,"convergence_epoch":29,"train_loss":0.013066206464036702,"val_loss":0.012867534176982257,"_timestamp":1.772737663842541e+09,"best_val_loss":0.012867534176982257,"_runtime":112,"val_accuracy":0.9380303419902288,"_wandb":{"runtime":112},"_step":30,"epoch":29,"final_val_loss":0.012867534176982257}