{"_runtime":53,"_timestamp":1.7722894472124448e+09,"_step":0,"val_accuracy":0.11253964172452216,"_wandb":{"runtime":53}}