{"_runtime":75,"val_accuracy":0.10422559355446988,"_timestamp":1.7722895342175758e+09,"_step":0,"_wandb":{"runtime":75}}