{"_wandb":{"runtime":244},"_runtime":244,"_timestamp":1.7722814743950016e+09,"_step":0,"val_accuracy":0.11253964172452216}