{"val_accuracy":0.9203737036084684,"val_loss":0.39473963097493703,"epoch":29,"overfitting_gap":-0.04930437724061393,"gradient_norm":0,"_step":30,"final_val_accuracy":0.9203737036084684,"best_val_loss":0.23423042833478874,"final_val_loss":0.39473963097493703,"_wandb":{"runtime":790},"_timestamp":1.7725374956564393e+09,"convergence_epoch":8,"train_loss":0.3454352537343231,"final_train_loss":0.3454352537343231,"_runtime":790}