{"_step":0,"val_accuracy":0.09985428987743207,"_timestamp":1.7722898080203514e+09,"_wandb":{"runtime":50},"_runtime":50}