{"_wandb":{"runtime":21},"_runtime":21,"_timestamp":1.7722752724927702e+09,"_step":0,"val_accuracy":0.11253964172452216}