{"final_train_loss":0.014914901551159881,"_wandb":{"runtime":292},"_step":30,"best_val_loss":0.11574818079791609,"convergence_epoch":9,"_timestamp":1.7725325201816266e+09,"val_loss":0.16312169186718778,"gradient_norm":0,"_runtime":292,"overfitting_gap":-0.1482067903160279,"epoch":29,"final_val_accuracy":0.9739436016113825,"train_loss":0.014914901551159881,"val_accuracy":0.9739436016113825,"final_val_loss":0.16312169186718778}