{"_wandb":{"runtime":61},"_runtime":61,"_step":0,"val_accuracy":0.7036941801662809,"_timestamp":1.772279963664103e+09}