{"_wandb":{"runtime":56},"_runtime":56,"_step":0,"val_accuracy":0.934687580354847,"_timestamp":1.7721886834384956e+09}