{"convergence_epoch":29,"final_val_loss":2.299125738395853,"val_accuracy":0.11253964172452216,"overfitting_gap":0.0005838004789686657,"final_val_accuracy":0.11253964172452216,"_step":30,"_wandb":{"runtime":100},"val_loss":2.299125738395853,"epoch":29,"final_train_loss":2.2997095388748217,"_timestamp":1.7725520364911566e+09,"train_loss":2.2997095388748217,"_runtime":100,"gradient_norm":0,"best_val_loss":2.299125738395853}