{"_runtime":120,"val_accuracy":0.5392988771749379,"_timestamp":1.7721878947839053e+09,"_step":0,"_wandb":{"runtime":120}}