{"grad_norm_layer1":2.0634656287592582e-08,"_timestamp":1.772635516095663e+09,"_step":19,"epoch":19,"_wandb":{"runtime":77},"_runtime":77}