{"val_accuracy":0.11253964172452216,"_runtime":44,"_wandb":{"runtime":44},"_timestamp":1.7722829930092115e+09,"_step":0}