{"_timestamp":1.7721940224958556e+09,"_wandb":{"runtime":123},"_runtime":123,"_step":0,"val_accuracy":0.9724007885488986}