{"val_accuracy":0.33624753578469185,"_timestamp":1.7721901136648731e+09,"_step":0,"_wandb":{"runtime":58},"_runtime":58}