{"_wandb":{"runtime":101},"_step":0,"val_accuracy":0.9582583354761293,"_timestamp":1.772186282385686e+09,"_runtime":101}