{"val_accuracy":0.9677723493614468,"_wandb":{"runtime":148},"_runtime":148,"_timestamp":1.7722858810528214e+09,"_step":0}