{"_wandb":{"runtime":129},"_runtime":129,"val_accuracy":0.11253964172452216,"_timestamp":1.772193744431061e+09,"_step":0}