{"_wandb":{"runtime":136},"_runtime":136,"_timestamp":1.7721866437688005e+09,"_step":0,"val_accuracy":0.11253964172452216}