{"_runtime":71,"_wandb":{"runtime":71},"val_accuracy":0.11253964172452216,"_timestamp":1.7722762235782886e+09,"_step":0}