{"val_accuracy":0.11253964172452216,"_timestamp":1.7722878373825653e+09,"_wandb":{"runtime":62},"_runtime":62,"_step":0}