{"val_accuracy":0.9031456244107311,"_timestamp":1.7721831617199423e+09,"_step":0,"_wandb":{"runtime":81},"_runtime":81}