{"_step":0,"val_accuracy":0.971286534670438,"_runtime":285,"_wandb":{"runtime":285},"_timestamp":1.7721924714730015e+09}