{"val_loss":2.301117412656092,"val_accuracy":0.11253964172452216,"convergence_epoch":29,"train_loss":2.30113020144705,"final_val_loss":2.301117412656092,"_timestamp":1.7725491003698792e+09,"_wandb":{"runtime":204},"epoch":29,"final_val_accuracy":0.11253964172452216,"_runtime":204,"_step":30,"final_train_loss":2.30113020144705,"gradient_norm":0,"overfitting_gap":1.2788790957785068e-05,"best_val_loss":2.301117412656092}