{"_wandb":{"runtime":58338},"grad_norm_layer1":0.001385729639904136,"fully_dead_neurons_layer1":0,"activation_histogram":{"_type":"histogram","values":[1,1,11,22,34,66,118,239,360,626,1040,1641,2497,3726,5232,7170,10154,13514,17573,22768,28947,36010,44556,53255,63263,73243,81711,89004,95476,98389,98584,94697,88983,80828,72862,63301,53128,43601,35749,28182,21549,16642,12690,9341,6777,4786,3463,2444,1700,1128,784,549,361,242,120,86,52,41,26,20,7,3,1,2],"bins":[-0.4300189323539991,-0.4152692729452489,-0.4005196135364987,-0.3857699541277485,-0.3710202947189983,-0.3562706353102481,-0.3415209759014979,-0.3267713164927477,-0.31202165708399754,-0.2972719976752473,-0.2825223382664971,-0.2677726788577469,-0.25302301944899674,-0.23827336004024655,-0.22352370063149635,-0.20877404122274615,-0.19402438181399595,-0.17927472240524578,-0.16452506299649555,-0.14977540358774538,-0.13502574417899516,-0.12027608477024498,-0.10552642536149476,-0.09077676595274459,-0.07602710654399442,-0.06127744713524419,-0.04652778772649402,-0.03177812831774379,-0.01702846890899362,-0.002278809500243395,0.012470849908506776,0.027220509317257002,0.04197016872600717,0.056719828134757344,0.07146948754350751,0.0862191469522578,0.10096880636100797,0.11571846576975814,0.1304681251785083,0.1452177845872586,0.15996744399600876,0.17471710340475893,0.1894667628135091,0.20421642222225928,0.21896608163100956,0.23371574103975973,0.2484654004485099,0.26321505985726007,0.27796471926601024,0.2927143786747605,0.3074640380835107,0.32221369749226086,0.33696335690101104,0.3517130163097613,0.3664626757185115,0.38121233512726166,0.39596199453601183,0.410711653944762,0.4254613133535123,0.44021097276226245,0.4549606321710126,0.4697102915797628,0.4844599509885131,0.49920961039726325,0.5139592698060134]},"val_accuracy":0.11253964172452216,"_step":19,"epoch":19,"_timestamp":1.772648725838991e+09,"_runtime":58338,"zero_fraction_layer1":0}