{"_runtime":123,"val_accuracy":0.11253964172452216,"_timestamp":1.7721145711547346e+09,"_step":0,"_wandb":{"runtime":123}}