{"_wandb":{"runtime":120},"_runtime":120,"val_accuracy":0.10199708579754864,"_timestamp":1.7721934926078548e+09,"_step":0}