{"val_accuracy":0.970257992628782,"_wandb":{"runtime":347},"_runtime":347,"_timestamp":1.7722820216884027e+09,"_step":0}