{"val_accuracy":0.927316362389646,"_wandb":{"runtime":30},"_runtime":30,"_timestamp":1.7721872025004818e+09,"_step":0}