{"_wandb":{"runtime":50},"_step":0,"val_accuracy":0.11253964172452216,"_timestamp":1.7722754294094453e+09,"_runtime":50}