{"_wandb":{"runtime":55},"_runtime":55,"_step":0,"val_accuracy":0.11253964172452216,"_timestamp":1.772280473599536e+09}