{"val_accuracy":0.9247450072855061,"_wandb":{"runtime":90},"_runtime":90,"_timestamp":1.7721172892153673e+09,"_step":0}