{"_runtime":780,"gradient_norm":0,"_wandb":{"runtime":780},"final_val_accuracy":0.11253964172452216,"train_loss":2.3009129698696626,"val_accuracy":0.11253964172452216,"_step":30,"overfitting_gap":9.666534493746326e-06,"final_train_loss":2.3009129698696626,"epoch":29,"best_val_loss":2.300903303335169,"convergence_epoch":29,"final_val_loss":2.300903303335169,"_timestamp":1.7725396772462196e+09,"val_loss":2.300903303335169}