{"_wandb":{"runtime":61},"_runtime":61,"_step":0,"val_accuracy":0.11253964172452216,"_timestamp":1.7722842021514046e+09}