{"val_accuracy":0.11253964172452216,"overfitting_gap":5.360663679221389e-05,"_wandb":{"runtime":231},"train_loss":2.300465578436135,"best_val_loss":2.3004119717993428,"_timestamp":1.7725527123879766e+09,"final_val_accuracy":0.11253964172452216,"convergence_epoch":29,"final_train_loss":2.300465578436135,"_step":30,"val_loss":2.3004119717993428,"_runtime":231,"epoch":29,"gradient_norm":0,"final_val_loss":2.3004119717993428}