{"_timestamp":1.7722829367249281e+09,"_step":0,"val_accuracy":0.9739436016113825,"_wandb":{"runtime":127},"_runtime":127}