{"_runtime":246,"_wandb":{"runtime":246},"_step":0,"val_accuracy":0.9650295705836976,"_timestamp":1.772189704952262e+09}