{"_step":0,"_wandb":{"runtime":110},"_runtime":110,"val_accuracy":0.9718865175280706,"_timestamp":1.77228660526541e+09}