{"convergence_epoch":15,"epoch":29,"val_accuracy":0.11253964172452216,"final_val_loss":2.3011774344292797,"val_loss":2.3011774344292797,"best_val_loss":2.301143031300957,"_wandb":{"runtime":303},"final_val_accuracy":0.11253964172452216,"overfitting_gap":0.00015692953310475488,"final_train_loss":2.3013343639623844,"_timestamp":1.77252927020338e+09,"gradient_norm":0,"_runtime":303,"_step":30,"train_loss":2.3013343639623844}