{"convergence_epoch":29,"_runtime":398,"overfitting_gap":-0.06173422628367843,"_timestamp":1.7725151839728503e+09,"gradient_norm":0,"_wandb":{"runtime":398},"val_accuracy":0.9529442015942402,"final_train_loss":0.10874918863546885,"best_val_loss":0.17048341491914729,"train_loss":0.10874918863546885,"_step":30,"final_val_loss":0.17048341491914729,"epoch":29,"val_loss":0.17048341491914729,"final_val_accuracy":0.9529442015942402}