{"_wandb":{"runtime":34},"_runtime":34,"val_accuracy":0.333676180680552,"_timestamp":1.7721877659421906e+09,"_step":0}