{"_wandb":{"runtime":112},"_runtime":112,"_timestamp":1.772284440947835e+09,"_step":0,"val_accuracy":0.11253964172452216}