{"_step":0,"_wandb":{"runtime":16},"_runtime":16,"val_accuracy":0.8773463615325277,"_timestamp":1.7722755741733181e+09}