{"val_accuracy":0.11253964172452216,"_timestamp":1.7721917608489134e+09,"_wandb":{"runtime":38},"_runtime":38,"_step":0}