{"_wandb":{"runtime":52},"val_accuracy":0.9183166195251564,"_timestamp":1.7721947663683002e+09,"_step":0,"_runtime":52}