{"_runtime":162,"_step":0,"val_accuracy":0.11253964172452216,"_timestamp":1.7721829986845806e+09,"_wandb":{"runtime":162}}