{"val_loss":2.30126051929077,"_step":30,"_runtime":592,"_wandb":{"runtime":592},"train_loss":2.301476461470815,"final_val_accuracy":0.11253964172452216,"gradient_norm":0,"final_train_loss":2.301476461470815,"overfitting_gap":0.00021594218004494792,"epoch":29,"_timestamp":1.7725237327183976e+09,"convergence_epoch":16,"final_val_loss":2.30126051929077,"best_val_loss":2.3011634709802147,"val_accuracy":0.11253964172452216}