{"_wandb":{"runtime":67},"_runtime":67,"_step":0,"val_accuracy":0.11253964172452216,"_timestamp":1.7721861738901703e+09}