{"_step":0,"val_accuracy":0.11253964172452216,"_timestamp":1.772275499817738e+09,"_wandb":{"runtime":13},"_runtime":13}