{"_timestamp":1.7721942166491024e+09,"_step":0,"_wandb":{"runtime":186},"_runtime":186,"val_accuracy":0.9741150252849918}