{"_timestamp":1.7722836471196582e+09,"_step":0,"_wandb":{"runtime":116},"_runtime":116,"val_accuracy":0.11253964172452216}