{"epoch":29,"final_val_accuracy":0.11253964172452216,"best_val_loss":2.3011303684295887,"train_loss":2.3011606947983516,"gradient_norm":0,"_runtime":155,"_wandb":{"runtime":155},"convergence_epoch":29,"val_accuracy":0.11253964172452216,"final_val_loss":2.3011303684295887,"_timestamp":1.7726310393512874e+09,"_step":30,"overfitting_gap":3.032636876287853e-05,"final_train_loss":2.3011606947983516,"val_loss":2.3011303684295887}