{"val_accuracy":0.11253964172452216,"_timestamp":1.7722757723232775e+09,"_wandb":{"runtime":21},"_runtime":21,"_step":0}