{"_wandb":{"runtime":101},"_runtime":101,"_timestamp":1.7722827061999197e+09,"_step":0,"val_accuracy":0.9568012342504499}