{"_step":0,"val_accuracy":0.11253964172452216,"_timestamp":1.7722804112174754e+09,"_wandb":{"runtime":314},"_runtime":314}