{"_step":0,"val_accuracy":0.11253964172452216,"_timestamp":1.7721955185610697e+09,"_wandb":{"runtime":34},"_runtime":34}