{"_wandb":{"runtime":47},"_runtime":47,"_timestamp":1.77218487340851e+09,"_step":0,"val_accuracy":0.9667438073197908}