{"_step":0,"_wandb":{"runtime":144},"_runtime":144,"val_accuracy":0.9051169966572383,"_timestamp":1.7721949600007398e+09}