{"final_val_accuracy":0.11253964172452216,"val_accuracy":0.11253964172452216,"final_val_loss":2.301178068169979,"val_loss":2.301178068169979,"train_loss":2.3013138298791302,"gradient_norm":0,"final_train_loss":2.3013138298791302,"best_val_loss":2.3011417251999533,"_runtime":316,"_timestamp":1.7725172639379425e+09,"epoch":29,"convergence_epoch":28,"overfitting_gap":0.0001357617091510832,"_wandb":{"runtime":316},"_step":30}