{"val_accuracy":0.11253964172452216,"_timestamp":1.7722835215950382e+09,"_wandb":{"runtime":193},"_runtime":193,"_step":0}