{"_runtime":284,"val_accuracy":0.9577440644553012,"_timestamp":1.7721893133883014e+09,"_step":0,"_wandb":{"runtime":284}}