{"convergence_epoch":29,"_step":30,"gradient_norm":0,"best_val_loss":0.024431016563466385,"_wandb":{"runtime":192},"train_loss":0.024628289503172453,"final_train_loss":0.024628289503172453,"final_val_loss":0.024431016563466385,"val_accuracy":0.8439166666666666,"_timestamp":1.7727913250886707e+09,"val_loss":0.024431016563466385,"epoch":29,"_runtime":192,"final_val_accuracy":0.8439166666666666,"overfitting_gap":0.00019727293970606824}