{"_timestamp":1.772115953815574e+09,"_runtime":289,"_wandb":{"runtime":289},"_step":0,"val_accuracy":0.9701722807919774}