{"_timestamp":1.7722787776571765e+09,"_step":0,"_wandb":{"runtime":182},"_runtime":182,"val_accuracy":0.11253964172452216}