{"_wandb":{"runtime":278},"_runtime":278,"_timestamp":1.7722784555863526e+09,"_step":0,"val_accuracy":0.10199708579754864}