{"val_accuracy":0.9632296220107996,"_timestamp":1.7721839808364584e+09,"_wandb":{"runtime":33},"_runtime":33,"_step":0}