{"_timestamp":1.7722847099575818e+09,"_step":0,"val_accuracy":0.11253964172452216,"_wandb":{"runtime":54},"_runtime":54}