{"_step":0,"_runtime":129,"_wandb":{"runtime":129},"val_accuracy":0.11253964172452216,"_timestamp":1.7722851925212886e+09}