{"val_accuracy":0.9662295362989629,"_timestamp":1.7721903558903356e+09,"_step":0,"_runtime":89,"_wandb":{"runtime":89}}