{"epoch":29,"gradient_norm":0,"_runtime":129,"train_loss":0.013517412330543935,"_wandb":{"runtime":129},"convergence_epoch":29,"overfitting_gap":0.0002879044425420224,"final_train_loss":0.013517412330543935,"_timestamp":1.772708238095746e+09,"val_loss":0.013229507888001913,"val_accuracy":0.9352875632124796,"_step":30,"final_val_loss":0.013229507888001913,"final_val_accuracy":0.9352875632124796,"best_val_loss":0.013229507888001913}