{"_timestamp":1.7722816577101946e+09,"_step":0,"_wandb":{"runtime":64},"_runtime":64,"val_accuracy":0.10422559355446988}