{"overfitting_gap":0.00010289879642400024,"best_val_loss":2.3011340052439615,"epoch":29,"final_train_loss":2.301248562245509,"train_loss":2.301248562245509,"final_val_loss":2.301145663449085,"convergence_epoch":11,"val_accuracy":0.11253964172452216,"final_val_accuracy":0.11253964172452216,"_timestamp":1.7725488860734668e+09,"_wandb":{"runtime":709},"_step":30,"_runtime":709,"gradient_norm":0,"val_loss":2.301145663449085}