{"final_val_loss":2.3011320215513904,"_wandb":{"runtime":600},"best_val_loss":2.301130638322255,"val_loss":2.3011320215513904,"convergence_epoch":12,"gradient_norm":0,"final_train_loss":2.3012090512718344,"_runtime":600,"_timestamp":1.7725339420176988e+09,"epoch":29,"overfitting_gap":7.702972044398848e-05,"final_val_accuracy":0.11253964172452216,"val_accuracy":0.11253964172452216,"_step":30,"train_loss":2.3012090512718344}