{"_timestamp":1.7722825942718658e+09,"_step":0,"_wandb":{"runtime":65},"_runtime":65,"val_accuracy":0.11253964172452216}