{"_step":30,"final_val_accuracy":0.9290305991257393,"val_loss":0.5347274166073126,"_wandb":{"runtime":786},"best_val_loss":0.19758546692679702,"convergence_epoch":1,"overfitting_gap":-0.19421798699566833,"val_accuracy":0.9290305991257393,"gradient_norm":0,"final_val_loss":0.5347274166073126,"_runtime":786,"_timestamp":1.772521862041668e+09,"epoch":29,"train_loss":0.34050942961164427,"final_train_loss":0.34050942961164427}