{"_wandb":{"runtime":50},"_runtime":50,"_step":0,"val_accuracy":0.9688866032399074,"_timestamp":1.7721863479783804e+09}