{"_runtime":104,"_wandb":{"runtime":104},"_step":0,"val_accuracy":0.9532013371046542,"_timestamp":1.7721936066007977e+09}