{"_wandb":{"runtime":121},"_runtime":121,"val_accuracy":0.9669152309934002,"_timestamp":1.7721951168186793e+09,"_step":0}