{"_step":0,"_wandb":{"runtime":96},"_runtime":96,"val_accuracy":0.11253964172452216,"_timestamp":1.7722810156650226e+09}