{"_wandb":{"runtime":191},"_runtime":191,"_step":0,"val_accuracy":0.09942573069340876,"_timestamp":1.7722812223071404e+09}