{"_step":0,"val_accuracy":0.8233479043455901,"_timestamp":1.772275547008418e+09,"_runtime":38,"_wandb":{"runtime":38}}