{"_runtime":125,"val_accuracy":0.9545727264935288,"_timestamp":1.7722848453792007e+09,"_step":0,"_wandb":{"runtime":125}}