{"_runtime":35,"grad_norm_layer1":0.0004558569915392837,"_timestamp":1.772645863813376e+09,"_step":19,"epoch":19,"_wandb":{"runtime":35}}