{"_timestamp":1.7721871611213393e+09,"_wandb":{"runtime":203},"_runtime":203,"_step":0,"val_accuracy":0.9719722293648753}