{"epoch":19,"grad_norm_layer1":2.2814894159419638e-05,"_runtime":40,"_wandb":{"runtime":40},"_timestamp":1.7726353818655868e+09,"_step":19}