{"_wandb":{"runtime":357},"_runtime":357,"val_accuracy":0.9747150081426245,"_timestamp":1.7722886810768712e+09,"_step":0}