{"_runtime":53,"_step":0,"val_accuracy":0.9600582840490272,"_timestamp":1.772189888139349e+09,"_wandb":{"runtime":53}}