{"epoch":19,"grad_norm_layer1":1.864665908354177e-08,"_wandb":{"runtime":52},"_runtime":52,"_timestamp":1.7726459215808861e+09,"_step":19}