{"val_loss":2.300809355851053,"_runtime":158,"val_accuracy":0.11253964172452216,"final_val_accuracy":0.11253964172452216,"overfitting_gap":0.00010124797363308957,"_step":30,"best_val_loss":2.300809355851053,"convergence_epoch":29,"_timestamp":1.7725220319600663e+09,"epoch":29,"train_loss":2.3009106038246863,"final_val_loss":2.300809355851053,"gradient_norm":0,"_wandb":{"runtime":158},"final_train_loss":2.3009106038246863}