{"_wandb":{"runtime":49},"_runtime":49,"val_accuracy":0.11253964172452216,"_timestamp":1.7722800214038353e+09,"_step":0}