{"_wandb":{"runtime":33},"_runtime":33,"val_accuracy":0.3353904174166452,"_timestamp":1.7722753682721488e+09,"_step":0}