{"_wandb":{"runtime":56},"_timestamp":1.7726472778932178e+09,"activation_histogram":{"bins":[-0.6542106778241592,-0.6364244787898812,-0.618638279755603,-0.6008520807213249,-0.5830658816870469,-0.5652796826527688,-0.5474934836184907,-0.5297072845842126,-0.5119210855499345,-0.49413488651565646,-0.4763486874813784,-0.4585624884471003,-0.4407762894128222,-0.4229900903785441,-0.40520389134426604,-0.38741769230998796,-0.3696314932757099,-0.3518452942414318,-0.3340590952071537,-0.31627289617287563,-0.29848669713859755,-0.28070049810431946,-0.2629142990700414,-0.2451281000357633,-0.2273419010014852,-0.20955570196720713,-0.19176950293292905,-0.17398330389865097,-0.15619710486437288,-0.13841090583009485,-0.12062470679581672,-0.10283850776153858,-0.08505230872726055,-0.06726610969298252,-0.049479910658704385,-0.031693711624426246,-0.013907512590148219,0.0038786864441298086,0.021664885478407947,0.039451084512686085,0.05723728354696411,0.07502348258124214,0.09280968161552028,0.11059588064979842,0.12838207968407644,0.14616827871835447,0.1639544777526326,0.18174067678691075,0.19952687582118878,0.2173130748554668,0.23509927388974494,0.2528854729240231,0.2706716719583011,0.28845787099257914,0.3062440700268573,0.3240302690611354,0.34181646809541344,0.35960266712969147,0.3773888661639695,0.39517506519824774,0.41296126423252577,0.4307474632668038,0.44853366230108205,0.4663198613353601,0.48410606036963816],"_type":"histogram","values":[1,0,0,0,2,6,10,14,14,30,34,59,94,152,216,336,430,667,1043,1433,2110,2966,4353,6249,8602,12185,17039,22618,31206,40852,52378,65773,79235,92839,104880,114005,118615,116966,110992,101124,87676,73673,59826,47045,34892,25972,18447,12624,8666,5631,3702,2331,1432,871,489,254,131,79,58,19,11,9,6,4]},"_step":19,"grad_norm_layer1":0.0004283051810270197,"val_accuracy":0.09762578212051085,"zero_fraction_layer1":0,"epoch":19,"fully_dead_neurons_layer1":0,"_runtime":56}