{"_timestamp":1.7722798925029533e+09,"_step":0,"_wandb":{"runtime":48},"_runtime":48,"val_accuracy":0.11253964172452216}