{"_step":30,"epoch":29,"gradient_norm":0,"_runtime":194,"_wandb":{"runtime":194},"overfitting_gap":7.360030676739626e-05,"_timestamp":1.772552239848113e+09,"final_train_loss":2.3012058881308337,"val_loss":2.3011322878240663,"convergence_epoch":10,"val_accuracy":0.11253964172452216,"train_loss":2.3012058881308337,"final_val_loss":2.3011322878240663,"final_val_accuracy":0.11253964172452216,"best_val_loss":2.301130733627454}