{"train_loss":0.4946149165821736,"epoch":29,"_wandb":{"runtime":180},"gradient_norm":0,"final_val_loss":0.45938987760085925,"_timestamp":1.7725283584122863e+09,"_step":30,"convergence_epoch":4,"_runtime":180,"final_val_accuracy":0.9158309762578212,"val_loss":0.45938987760085925,"final_train_loss":0.4946149165821736,"overfitting_gap":0.03522503898131435,"best_val_loss":0.24306584260955805,"val_accuracy":0.9158309762578212}