{"final_val_loss":0.6837782997099852,"_wandb":{"runtime":221},"overfitting_gap":0.060053201464729256,"epoch":29,"_step":30,"best_val_loss":0.6837782997099852,"val_loss":0.6837782997099852,"_runtime":221,"convergence_epoch":29,"_timestamp":1.7725512683940437e+09,"final_train_loss":0.7438315011747144,"gradient_norm":0,"train_loss":0.7438315011747144,"final_val_accuracy":0.7910345418702323,"val_accuracy":0.7910345418702323}