{"_timestamp":1.7725301605088155e+09,"final_val_accuracy":0.11253964172452216,"epoch":29,"_step":30,"train_loss":2.3011406466145408,"val_loss":2.3011304018062324,"_runtime":425,"final_train_loss":2.3011406466145408,"best_val_loss":2.3011304018062324,"overfitting_gap":1.0244808308357278e-05,"gradient_norm":0,"_wandb":{"runtime":425},"convergence_epoch":29,"final_val_loss":2.3011304018062324,"val_accuracy":0.11253964172452216}