{"epoch":19,"grad_norm_layer1":0.0003856448277116324,"_wandb":{"runtime":99},"_runtime":99,"_timestamp":1.7726326607331643e+09,"_step":19}