{"_timestamp":1.7725523268726273e+09,"final_val_loss":2.3011469002344906,"convergence_epoch":29,"gradient_norm":0,"overfitting_gap":3.639754974260612e-05,"_wandb":{"runtime":77},"val_loss":2.3011469002344906,"_step":30,"final_val_accuracy":0.11253964172452216,"_runtime":77,"train_loss":2.3011832977842333,"epoch":29,"best_val_loss":2.3011469002344906,"val_accuracy":0.11253964172452216,"final_train_loss":2.3011832977842333}