{"_wandb":{"runtime":101},"_runtime":101,"_step":19,"epoch":19,"grad_norm_layer1":1.9431048046522774e-08,"_timestamp":1.7726357889219542e+09}