{"final_val_accuracy":0.11253964172452216,"overfitting_gap":0.00011763586567603568,"convergence_epoch":17,"epoch":29,"_wandb":{"runtime":166},"train_loss":2.301304201281885,"best_val_loss":2.3011392202684875,"_step":30,"_runtime":166,"gradient_norm":0,"val_accuracy":0.11253964172452216,"_timestamp":1.772531209434678e+09,"val_loss":2.301186565416209,"final_val_loss":2.301186565416209,"final_train_loss":2.301304201281885}