{"final_val_accuracy":0.11253964172452216,"train_loss":2.3021299338915284,"epoch":29,"convergence_epoch":2,"_step":30,"gradient_norm":0,"overfitting_gap":0.0004630520246760028,"_wandb":{"runtime":214},"_timestamp":1.7724797391246924e+09,"final_val_loss":2.3016668818668524,"final_train_loss":2.3021299338915284,"best_val_loss":2.301487239647288,"_runtime":214,"val_accuracy":0.11253964172452216,"val_loss":2.3016668818668524}