{"_wandb":{"runtime":137},"_runtime":137,"_step":0,"val_accuracy":0.932630496271535,"_timestamp":1.7721953875521739e+09}