{"_step":0,"val_accuracy":0.09745435844690152,"_timestamp":1.7721853930004718e+09,"_wandb":{"runtime":358},"_runtime":358}