{"_step":0,"_wandb":{"runtime":57},"_runtime":57,"val_accuracy":0.11253964172452216,"_timestamp":1.772280089659499e+09}