{"_step":0,"_wandb":{"runtime":88},"_runtime":88,"val_accuracy":0.11253964172452216,"_timestamp":1.77227901065071e+09}