{"_runtime":167,"_timestamp":1.7725319243611376e+09,"train_loss":0.8762134083869467,"best_val_loss":0.7726550015699701,"overfitting_gap":0.10355840681697659,"final_train_loss":0.8762134083869467,"gradient_norm":0,"_step":30,"_wandb":{"runtime":167},"final_val_loss":0.7726550015699701,"val_accuracy":0.7559784006171252,"val_loss":0.7726550015699701,"final_val_accuracy":0.7559784006171252,"epoch":29,"convergence_epoch":29}