{"_wandb":{"runtime":27},"_runtime":27,"_step":0,"val_accuracy":0.11253964172452216,"_timestamp":1.7722748761322925e+09}