{"_wandb":{"runtime":58},"_runtime":58,"_step":0,"val_accuracy":0.11253964172452216,"_timestamp":1.7722757164620237e+09}