{"val_accuracy":0.11253964172452216,"final_train_loss":2.3014659982895127,"overfitting_gap":0.00018975689467692902,"epoch":29,"_timestamp":1.7725147750690968e+09,"_step":30,"best_val_loss":2.3011701562470996,"_wandb":{"runtime":35024},"_runtime":35024,"gradient_norm":0,"final_val_loss":2.3012762413948358,"convergence_epoch":7,"train_loss":2.3014659982895127,"final_val_accuracy":0.11253964172452216,"val_loss":2.3012762413948358}