{"_step":30,"_runtime":269,"gradient_norm":0,"convergence_epoch":19,"epoch":29,"train_loss":2.563792492356777,"best_val_loss":2.7359132615879713,"val_loss":3.3026176189563587,"val_accuracy":0.09016885231850519,"final_val_loss":3.3026176189563587,"_wandb":{"runtime":269},"_timestamp":1.7725531043336258e+09,"final_val_accuracy":0.09016885231850519,"overfitting_gap":-0.7388251265995818,"final_train_loss":2.563792492356777}