{"_step":0,"_wandb":{"runtime":86},"_runtime":86,"val_accuracy":0.11253964172452216,"_timestamp":1.7722876907144356e+09}