{"_wandb":{"runtime":376},"_runtime":376,"_step":0,"val_accuracy":0.9598868603754178,"_timestamp":1.7722781028513968e+09}