{"_runtime":78,"_timestamp":1.7722828000368948e+09,"_step":0,"val_accuracy":0.965200994257307,"_wandb":{"runtime":78}}