{"_wandb":{"runtime":42},"_runtime":42,"_timestamp":1.772274363526155e+09,"_step":0,"val_accuracy":0.11253964172452216}