{"gradient_norm":0,"_step":30,"val_loss":0.1583443842729357,"train_loss":0.10607063384894005,"_timestamp":1.7726308735852637e+09,"final_val_accuracy":0.9582583354761293,"final_val_loss":0.1583443842729357,"convergence_epoch":27,"_wandb":{"runtime":159},"val_accuracy":0.9582583354761293,"best_val_loss":0.15365022411817558,"epoch":29,"_runtime":159,"final_train_loss":0.10607063384894005,"overfitting_gap":-0.05227375042399565}