{"_timestamp":1.7721885059861248e+09,"_step":0,"val_accuracy":0.9589440301705665,"_wandb":{"runtime":97},"_runtime":97}