{"_step":0,"val_accuracy":0.20356561241107396,"_timestamp":1.7721904302656274e+09,"_wandb":{"runtime":66},"_runtime":66}