{"_wandb":{"runtime":284},"train_loss":2.302159541851435,"best_val_loss":2.301149869714415,"_runtime":284,"_timestamp":1.772532814087399e+09,"overfitting_gap":0.00015922844551763404,"_step":30,"gradient_norm":0,"val_accuracy":0.11253964172452216,"final_train_loss":2.302159541851435,"convergence_epoch":21,"final_val_loss":2.3020003134059173,"val_loss":2.3020003134059173,"final_val_accuracy":0.11253964172452216,"epoch":29}