{"_step":30,"convergence_epoch":18,"val_accuracy":0.11253964172452216,"best_val_loss":2.301403370292206,"epoch":29,"train_loss":2.3022600247278904,"val_loss":2.301830369067263,"overfitting_gap":0.0004296556606275814,"final_train_loss":2.3022600247278904,"_runtime":281,"final_val_loss":2.301830369067263,"_wandb":{"runtime":281},"gradient_norm":0,"_timestamp":1.7725169346435173e+09,"final_val_accuracy":0.11253964172452216}