{"_wandb":{"runtime":61},"val_accuracy":0.11253964172452216,"_timestamp":1.7722855530844138e+09,"_step":0,"_runtime":61}