{"final_val_loss":0.025322581718039323,"overfitting_gap":0.0001772976070182966,"_step":30,"gradient_norm":0,"final_val_accuracy":0.8551666666666666,"final_train_loss":0.02549987932505762,"best_val_loss":0.025322581718039323,"val_accuracy":0.8551666666666666,"epoch":29,"_timestamp":1.772787385793052e+09,"convergence_epoch":29,"val_loss":0.025322581718039323,"_runtime":10043,"_wandb":{"runtime":10043},"train_loss":0.02549987932505762}