{"gradient_norm":0,"final_val_loss":2.3010554500960203,"overfitting_gap":8.391379097405505e-05,"final_val_accuracy":0.11253964172452216,"_runtime":88,"_step":30,"convergence_epoch":29,"_timestamp":1.772551926913596e+09,"val_accuracy":0.11253964172452216,"val_loss":2.3010554500960203,"train_loss":2.3011393638869944,"final_train_loss":2.3011393638869944,"epoch":29,"_wandb":{"runtime":88},"best_val_loss":2.3010554500960203}