{"_runtime":26,"_timestamp":1.7722752317474043e+09,"_step":0,"val_accuracy":0.11253964172452216,"_wandb":{"runtime":26}}