{"epoch":29,"_runtime":96,"best_val_loss":2.3010586007927736,"val_loss":2.3010586007927736,"convergence_epoch":29,"_step":30,"val_accuracy":0.11253964172452216,"gradient_norm":0,"_timestamp":1.7725528186211135e+09,"final_train_loss":2.3011385773108803,"overfitting_gap":7.997651810676132e-05,"final_val_accuracy":0.11253964172452216,"_wandb":{"runtime":96},"train_loss":2.3011385773108803,"final_val_loss":2.3010586007927736}