{"_wandb":{"runtime":99},"_runtime":99,"val_loss":2.3010030642754002,"_timestamp":1.7725316333717077e+09,"train_loss":2.301059575194446,"convergence_epoch":29,"gradient_norm":0,"overfitting_gap":5.6510919045571484e-05,"_step":30,"val_accuracy":0.11253964172452216,"final_val_accuracy":0.11253964172452216,"final_train_loss":2.301059575194446,"final_val_loss":2.3010030642754002,"best_val_loss":2.3010030642754002,"epoch":29}