{"final_train_loss":2.301043812203636,"_runtime":150,"train_loss":2.301043812203636,"gradient_norm":0,"_step":30,"val_accuracy":0.11253964172452216,"final_val_accuracy":0.11253964172452216,"val_loss":2.300976019968173,"overfitting_gap":6.779223546304891e-05,"convergence_epoch":29,"_wandb":{"runtime":150},"_timestamp":1.7725231293625548e+09,"epoch":29,"best_val_loss":2.300976019968173,"final_val_loss":2.300976019968173}