{"train_loss":2.301150522414917,"val_loss":2.301130444316128,"final_val_accuracy":0.11253964172452216,"_timestamp":1.7725524721155725e+09,"final_train_loss":2.301150522414917,"final_val_loss":2.301130444316128,"_step":30,"epoch":29,"_wandb":{"runtime":136},"convergence_epoch":29,"best_val_loss":2.301130444316128,"val_accuracy":0.11253964172452216,"gradient_norm":0,"overfitting_gap":2.0078098788900434e-05,"_runtime":136}