{"_timestamp":1.7721867283843467e+09,"_step":0,"_wandb":{"runtime":77},"_runtime":77,"val_accuracy":0.0986543241621668}