{"_wandb":{"runtime":317},"_runtime":317,"_step":0,"val_accuracy":0.6753235621839376,"_timestamp":1.772191159151507e+09}