{"final_val_accuracy":0.11253964172452216,"epoch":29,"convergence_epoch":23,"_runtime":210,"final_train_loss":2.3013327702814594,"overfitting_gap":0.00017070400433905064,"gradient_norm":0,"_wandb":{"runtime":210},"val_accuracy":0.11253964172452216,"train_loss":2.3013327702814594,"final_val_loss":2.3011620662771204,"_step":30,"best_val_loss":2.301137356806601,"_timestamp":1.772522666879547e+09,"val_loss":2.3011620662771204}