{"train_loss":2.30231881557146,"final_train_loss":2.30231881557146,"_runtime":249,"gradient_norm":0,"final_val_accuracy":0.11253964172452216,"best_val_loss":2.301237673077865,"final_val_loss":2.3031814161173396,"val_loss":2.3031814161173396,"convergence_epoch":26,"val_accuracy":0.11253964172452216,"overfitting_gap":-0.0008626005458798325,"_wandb":{"runtime":249},"epoch":29,"_timestamp":1.772520610222527e+09,"_step":30}