{"gradient_norm":0,"val_loss":2.3011412539595515,"overfitting_gap":2.3342280352611766e-05,"epoch":29,"_wandb":{"runtime":145},"final_train_loss":2.301164596239904,"_step":30,"_timestamp":1.7725183204653125e+09,"train_loss":2.301164596239904,"_runtime":145,"final_val_accuracy":0.11253964172452216,"best_val_loss":2.3011412539595515,"val_accuracy":0.11253964172452216,"convergence_epoch":29,"final_val_loss":2.3011412539595515}