{"_wandb":{"runtime":54},"_runtime":54,"_timestamp":1.772286854274334e+09,"_step":0,"val_accuracy":0.11253964172452216}