{"best_val_loss":2.301130505669268,"final_val_loss":2.3011317908997935,"final_train_loss":2.3012259020774817,"train_loss":2.3012259020774817,"_wandb":{"runtime":350},"epoch":29,"_step":30,"_timestamp":1.7725386080631876e+09,"overfitting_gap":9.411117768820532e-05,"gradient_norm":0,"val_accuracy":0.11253964172452216,"convergence_epoch":6,"_runtime":350,"val_loss":2.3011317908997935,"final_val_accuracy":0.11253964172452216}