{"final_val_loss":2.3015760069190567,"_runtime":235,"best_val_loss":2.3013593351159405,"final_train_loss":2.302382171469807,"val_loss":2.3015760069190567,"_timestamp":1.77251791401078e+09,"final_val_accuracy":0.11253964172452216,"overfitting_gap":0.0008061645507502213,"convergence_epoch":17,"_step":30,"train_loss":2.302382171469807,"_wandb":{"runtime":235},"val_accuracy":0.11253964172452216,"gradient_norm":0,"epoch":29}