{"_timestamp":1.7726458191989741e+09,"_step":19,"_wandb":{"runtime":38},"_runtime":38,"epoch":19,"grad_norm_layer1":2.326161069793228e-05}