{"val_accuracy":0.11253964172452216,"_timestamp":1.772276142426813e+09,"_step":0,"_wandb":{"runtime":57},"_runtime":57}