{"_wandb":{"runtime":24},"_runtime":24,"val_accuracy":0.11253964172452216,"_timestamp":1.772275196062274e+09,"_step":0}