{"epoch":29,"_timestamp":1.7725505714569032e+09,"val_loss":0.16288536469294437,"_step":30,"best_val_loss":0.1088975968375596,"gradient_norm":0,"final_train_loss":0.012103781323497256,"final_val_accuracy":0.9724865003857033,"_runtime":166,"convergence_epoch":12,"train_loss":0.012103781323497256,"val_accuracy":0.9724865003857033,"_wandb":{"runtime":166},"overfitting_gap":-0.1507815833694471,"final_val_loss":0.16288536469294437}