{"_step":0,"val_accuracy":0.11253964172452216,"_wandb":{"runtime":10},"_runtime":10,"_timestamp":1.7722754795467172e+09}