{"_step":0,"_wandb":{"runtime":108},"_runtime":108,"val_accuracy":0.9779720579412017,"_timestamp":1.772185634336003e+09}