{"overfitting_gap":7.035347354866772e-05,"val_loss":2.301132125490972,"best_val_loss":2.3011304708409632,"_wandb":{"runtime":258},"_runtime":258,"val_accuracy":0.11253964172452216,"_timestamp":1.7725345444143589e+09,"convergence_epoch":11,"final_val_accuracy":0.11253964172452216,"final_val_loss":2.301132125490972,"gradient_norm":0,"_step":30,"final_train_loss":2.3012024789645205,"train_loss":2.3012024789645205,"epoch":29}