{"best_val_loss":2.3011402622969643,"_wandb":{"runtime":257},"final_val_accuracy":0.11253964172452216,"val_loss":2.3011613922157004,"overfitting_gap":0.00015930463650759563,"_timestamp":1.7725333336249254e+09,"val_accuracy":0.11253964172452216,"final_val_loss":2.3011613922157004,"_runtime":257,"final_train_loss":2.301320696852208,"_step":30,"epoch":29,"convergence_epoch":8,"gradient_norm":0,"train_loss":2.301320696852208}