{"_runtime":150,"_wandb":{"runtime":150},"_step":0,"val_accuracy":0.9724865003857033,"_timestamp":1.7721873604228013e+09}