{"val_accuracy":0.9667438073197908,"_timestamp":1.772190676684778e+09,"_step":0,"_wandb":{"runtime":44},"_runtime":44}