{"val_loss":2.3011176449185715,"best_val_loss":2.3011176449185715,"overfitting_gap":2.6172834246107612e-05,"final_val_loss":2.3011176449185715,"convergence_epoch":29,"_timestamp":1.7725508937140772e+09,"_step":30,"final_train_loss":2.3011438177528176,"final_val_accuracy":0.11253964172452216,"_runtime":95,"epoch":29,"_wandb":{"runtime":95},"val_accuracy":0.11253964172452216,"gradient_norm":0,"train_loss":2.3011438177528176}