{"_wandb":{"runtime":74},"_runtime":74,"val_accuracy":0.9722293648752893,"_timestamp":1.7721859697754693e+09,"_step":0}