{"_timestamp":1.7722815774276955e+09,"_step":0,"_wandb":{"runtime":96},"_runtime":96,"val_accuracy":0.11253964172452216}