{"_timestamp":1.7721921696696823e+09,"_step":0,"_wandb":{"runtime":143},"_runtime":143,"val_accuracy":0.9028027770635124}