{"convergence_epoch":10,"val_loss":0.2327350869050358,"train_loss":0.015344155053737658,"best_val_loss":0.12857716048541798,"epoch":29,"final_val_accuracy":0.9688008914031028,"_wandb":{"runtime":237},"final_train_loss":0.015344155053737658,"overfitting_gap":-0.21739093185129815,"val_accuracy":0.9688008914031028,"_timestamp":1.77252244261385e+09,"final_val_loss":0.2327350869050358,"gradient_norm":0,"_runtime":237,"_step":30}