{"val_accuracy":0.11253964172452216,"_timestamp":1.7721951920345738e+09,"_step":0,"_wandb":{"runtime":26},"_runtime":26}