{"grad_norm_layer1":2.301135357627728e-05,"_timestamp":1.7726325565154853e+09,"_step":19,"epoch":19,"_wandb":{"runtime":67},"_runtime":67}