{"_wandb":{"runtime":60},"_runtime":60,"_step":19,"epoch":19,"grad_norm_layer1":1.9275102567145758e-08,"_timestamp":1.7726418545023303e+09}