{"_timestamp":1.772545080379123e+09,"gradient_norm":0,"_runtime":5393,"overfitting_gap":-0.20283571343771878,"best_val_loss":0.16799474002011597,"_wandb":{"runtime":5393},"convergence_epoch":19,"final_train_loss":0.14496677282665782,"val_accuracy":0.8951744235878974,"final_val_accuracy":0.8951744235878974,"final_val_loss":0.3478024862643766,"epoch":29,"val_loss":0.3478024862643766,"train_loss":0.14496677282665782,"_step":30}