{"_runtime":103,"_wandb":{"runtime":103},"_step":0,"val_accuracy":0.11253964172452216,"_timestamp":1.7722841318070035e+09}